sdk,metric,window,value,coverage,observed_at,unit,sample_size,window_end,freshness,reason,protocol,compatibility
stellar-ios-mac-sdk,release.median_gap_days_365d,365d,14.1,complete,2026-10-05T19:23:40Z,days,21,2026-10-05,fresh,,,
stellar-ios-mac-sdk,release.days_since_last,since_last_release,8.0,complete,2026-10-05T19:23:40Z,days,,2026-10-05,fresh,,,
stellar-ios-mac-sdk,release.count_90d,90d,7,complete,2026-10-05T19:23:40Z,count,,2026-10-05,fresh,,,
stellar-ios-mac-sdk,release.count_365d,365d,21,complete,2026-10-05T19:23:40Z,count,,2026-10-05,fresh,,,
stellar-ios-mac-sdk,issues.open_count,open_snapshot,1,complete,2026-10-05T19:19:44Z,count,,,fresh,,,
stellar-ios-mac-sdk,issues.open_median_age_days,open_snapshot,0.3,complete,2026-10-05T19:19:44Z,days,1,,fresh,,,
stellar-ios-mac-sdk,issues.created_365d,365d,4,complete,2026-10-05T19:19:44Z,count,,2026-10-05T19:19:44Z,fresh,,,
stellar-ios-mac-sdk,issues.closed_365d,365d,4,complete,2026-10-05T19:19:44Z,count,,2026-10-05T19:19:44Z,fresh,,,
stellar-ios-mac-sdk,issues.median_close_hours,365d,74.6,complete,2026-10-05T19:19:44Z,hours,4,2026-10-05T19:19:44Z,fresh,,,
stellar-ios-mac-sdk,prs.open_count,open_snapshot,0,complete,2026-10-05T19:19:44Z,count,,,fresh,,,
stellar-ios-mac-sdk,prs.open_median_age_days,open_snapshot,null,not_applicable,2026-10-05T19:19:44Z,days,0,,fresh,No open items.,,
stellar-ios-mac-sdk,prs.created_365d,365d,2,complete,2026-10-05T19:19:44Z,count,,2026-10-05T19:19:44Z,fresh,,,
stellar-ios-mac-sdk,prs.closed_365d,365d,2,complete,2026-10-05T19:19:44Z,count,,2026-10-05T19:19:44Z,fresh,,,
stellar-ios-mac-sdk,prs.median_close_hours,365d,11.7,complete,2026-10-05T19:19:44Z,hours,2,2026-10-05T19:19:44Z,fresh,,,
stellar-ios-mac-sdk,maintainer_prs.created_365d,365d,44,complete,2026-10-05T19:19:44Z,count,,2026-10-05T19:19:44Z,fresh,,,
stellar-ios-mac-sdk,maintainer_prs.closed_365d,365d,44,complete,2026-10-05T19:19:44Z,count,,2026-10-05T19:19:44Z,fresh,,,
stellar-ios-mac-sdk,issues.response_eligible_90d,90d,2,complete,2026-10-05T19:19:44Z,count,2,2026-10-05T19:19:44Z,fresh,,,
stellar-ios-mac-sdk,issues.answered_within_48h_90d,90d,2,complete,2026-10-05T19:19:44Z,count,2,2026-10-05T19:19:44Z,fresh,,,
stellar-ios-mac-sdk,issues.median_first_response_hours,90d,1.5,complete,2026-10-05T19:19:44Z,hours,2,2026-10-05T19:19:44Z,fresh,,,
stellar-ios-mac-sdk,issues.unanswered_90d,90d,0,complete,2026-10-05T19:19:44Z,count,,2026-10-05T19:19:44Z,fresh,,,
stellar-ios-mac-sdk,issues.pending_90d,90d,0,complete,2026-10-05T19:19:44Z,count,,2026-10-05T19:19:44Z,fresh,,,
stellar-ios-mac-sdk,issues.unknown_attribution_90d,90d,0,complete,2026-10-05T19:19:44Z,count,,2026-10-05T19:19:44Z,fresh,,,
stellar-ios-mac-sdk,issues.unknown_clock_90d,90d,0,complete,2026-10-05T19:19:44Z,count,,2026-10-05T19:19:44Z,fresh,,,
stellar-ios-mac-sdk,prs.response_eligible_90d,90d,1,complete,2026-10-05T19:19:44Z,count,1,2026-10-05T19:19:44Z,fresh,,,
stellar-ios-mac-sdk,prs.answered_within_48h_90d,90d,1,complete,2026-10-05T19:19:44Z,count,1,2026-10-05T19:19:44Z,fresh,,,
stellar-ios-mac-sdk,prs.median_first_response_hours,90d,2.2,complete,2026-10-05T19:19:44Z,hours,1,2026-10-05T19:19:44Z,fresh,,,
stellar-ios-mac-sdk,prs.unanswered_90d,90d,0,complete,2026-10-05T19:19:44Z,count,,2026-10-05T19:19:44Z,fresh,,,
stellar-ios-mac-sdk,prs.pending_90d,90d,0,complete,2026-10-05T19:19:44Z,count,,2026-10-05T19:19:44Z,fresh,,,
stellar-ios-mac-sdk,prs.unknown_attribution_90d,90d,0,complete,2026-10-05T19:19:44Z,count,,2026-10-05T19:19:44Z,fresh,,,
stellar-ios-mac-sdk,prs.unknown_clock_90d,90d,0,complete,2026-10-05T19:19:44Z,count,,2026-10-05T19:19:44Z,fresh,,,
stellar-ios-mac-sdk,prs.merged_90d,90d,1,complete,2026-10-05T19:19:44Z,count,,2026-10-05T19:19:44Z,fresh,,,
stellar-ios-mac-sdk,prs.closed_without_merge_90d,90d,0,complete,2026-10-05T19:19:44Z,count,,2026-10-05T19:19:44Z,fresh,,,
stellar-ios-mac-sdk,prs.still_open_90d,90d,0,complete,2026-10-05T19:19:44Z,count,,2026-10-05T19:19:44Z,fresh,,,
stellar-ios-mac-sdk,clones.count_90d,90d,23800,complete,2026-10-05T18:58:15Z,count,,2026-10-05,fresh,,,
stellar-ios-mac-sdk,clones.uniques_14d,14d,389,complete,2026-10-05T18:58:15Z,count,,2026-10-05T18:58:15Z,fresh,,,
stellar-ios-mac-sdk,protocol.0.lag_days,mainnet_activation,-19,complete,2026-09-22,days,,,not_applicable,,"{""name"":""Protocol 27"",""mainnet_activation_date"":""2026-07-08"",""sdk_change_required"":true,""release_tag"":""3.6.0"",""release_date"":""2026-06-19""}",
stellar-ios-mac-sdk,protocol.1.lag_days,mainnet_activation,-22,complete,2026-09-22,days,,,not_applicable,,"{""name"":""Protocol 28"",""mainnet_activation_date"":""2026-09-16"",""sdk_change_required"":true,""release_tag"":""3.10.0"",""release_date"":""2026-08-25""}",
stellar-ios-mac-sdk,protocol.2.lag_days,mainnet_activation,null,not_applicable,2026-10-02,days,,,not_applicable,Security release without XDR or API changes; no SDK release required,"{""name"":""Protocol 29"",""mainnet_activation_date"":""2026-10-01"",""sdk_change_required"":false,""release_tag"":null,""release_date"":null}",
stellar-ios-mac-sdk,compatibility.horizon.full,latest_release,50,complete,2026-10-04T15:29:39Z,count,,2026-09-27T21:03:49Z,fresh,,,"{""tag"":""3.12.0"",""commit"":""b5dac0a6e8ff312d597c9a3b4269b03131d66e0d"",""published_at"":""2026-09-27T21:03:49Z"",""stellar_protocol_commit"":""974df5f0ae3e544e2479c50f844924e5e8f94d2e"",""horizon"":{""version"":""v28.0.1"",""state"":""newer_available"",""current"":""v29.0.0"",""newer"":[{""tag"":""v29.0.0"",""published_at"":""2026-10-01T20:17:56Z"",""url"":""https://github.com/stellar/stellar-horizon/releases/tag/v29.0.0""}]},""rpc"":{""version"":""v28.0.1"",""state"":""newer_available"",""current"":""v29.0.0"",""newer"":[{""tag"":""v29.0.0"",""published_at"":""2026-10-01T20:15:08Z"",""url"":""https://github.com/stellar/stellar-rpc/releases/tag/v29.0.0""}]}}"
stellar-ios-mac-sdk,compatibility.horizon.total,latest_release,50,complete,2026-10-04T15:29:39Z,count,,2026-09-27T21:03:49Z,fresh,,,"{""tag"":""3.12.0"",""commit"":""b5dac0a6e8ff312d597c9a3b4269b03131d66e0d"",""published_at"":""2026-09-27T21:03:49Z"",""stellar_protocol_commit"":""974df5f0ae3e544e2479c50f844924e5e8f94d2e"",""horizon"":{""version"":""v28.0.1"",""state"":""newer_available"",""current"":""v29.0.0"",""newer"":[{""tag"":""v29.0.0"",""published_at"":""2026-10-01T20:17:56Z"",""url"":""https://github.com/stellar/stellar-horizon/releases/tag/v29.0.0""}]},""rpc"":{""version"":""v28.0.1"",""state"":""newer_available"",""current"":""v29.0.0"",""newer"":[{""tag"":""v29.0.0"",""published_at"":""2026-10-01T20:15:08Z"",""url"":""https://github.com/stellar/stellar-rpc/releases/tag/v29.0.0""}]}}"
stellar-ios-mac-sdk,compatibility.horizon.newer_stable_releases,snapshot,1,complete,2026-10-04T15:29:39Z,count,,2026-10-04T15:29:39Z,fresh,,,"{""tag"":""3.12.0"",""commit"":""b5dac0a6e8ff312d597c9a3b4269b03131d66e0d"",""published_at"":""2026-09-27T21:03:49Z"",""stellar_protocol_commit"":""974df5f0ae3e544e2479c50f844924e5e8f94d2e"",""horizon"":{""version"":""v28.0.1"",""state"":""newer_available"",""current"":""v29.0.0"",""newer"":[{""tag"":""v29.0.0"",""published_at"":""2026-10-01T20:17:56Z"",""url"":""https://github.com/stellar/stellar-horizon/releases/tag/v29.0.0""}]},""rpc"":{""version"":""v28.0.1"",""state"":""newer_available"",""current"":""v29.0.0"",""newer"":[{""tag"":""v29.0.0"",""published_at"":""2026-10-01T20:15:08Z"",""url"":""https://github.com/stellar/stellar-rpc/releases/tag/v29.0.0""}]}}"
stellar-ios-mac-sdk,compatibility.rpc.full,latest_release,12,complete,2026-10-04T15:29:39Z,count,,2026-09-27T21:03:49Z,fresh,,,"{""tag"":""3.12.0"",""commit"":""b5dac0a6e8ff312d597c9a3b4269b03131d66e0d"",""published_at"":""2026-09-27T21:03:49Z"",""stellar_protocol_commit"":""974df5f0ae3e544e2479c50f844924e5e8f94d2e"",""horizon"":{""version"":""v28.0.1"",""state"":""newer_available"",""current"":""v29.0.0"",""newer"":[{""tag"":""v29.0.0"",""published_at"":""2026-10-01T20:17:56Z"",""url"":""https://github.com/stellar/stellar-horizon/releases/tag/v29.0.0""}]},""rpc"":{""version"":""v28.0.1"",""state"":""newer_available"",""current"":""v29.0.0"",""newer"":[{""tag"":""v29.0.0"",""published_at"":""2026-10-01T20:15:08Z"",""url"":""https://github.com/stellar/stellar-rpc/releases/tag/v29.0.0""}]}}"
stellar-ios-mac-sdk,compatibility.rpc.total,latest_release,12,complete,2026-10-04T15:29:39Z,count,,2026-09-27T21:03:49Z,fresh,,,"{""tag"":""3.12.0"",""commit"":""b5dac0a6e8ff312d597c9a3b4269b03131d66e0d"",""published_at"":""2026-09-27T21:03:49Z"",""stellar_protocol_commit"":""974df5f0ae3e544e2479c50f844924e5e8f94d2e"",""horizon"":{""version"":""v28.0.1"",""state"":""newer_available"",""current"":""v29.0.0"",""newer"":[{""tag"":""v29.0.0"",""published_at"":""2026-10-01T20:17:56Z"",""url"":""https://github.com/stellar/stellar-horizon/releases/tag/v29.0.0""}]},""rpc"":{""version"":""v28.0.1"",""state"":""newer_available"",""current"":""v29.0.0"",""newer"":[{""tag"":""v29.0.0"",""published_at"":""2026-10-01T20:15:08Z"",""url"":""https://github.com/stellar/stellar-rpc/releases/tag/v29.0.0""}]}}"
stellar-ios-mac-sdk,compatibility.rpc.newer_stable_releases,snapshot,1,complete,2026-10-04T15:29:39Z,count,,2026-10-04T15:29:39Z,fresh,,,"{""tag"":""3.12.0"",""commit"":""b5dac0a6e8ff312d597c9a3b4269b03131d66e0d"",""published_at"":""2026-09-27T21:03:49Z"",""stellar_protocol_commit"":""974df5f0ae3e544e2479c50f844924e5e8f94d2e"",""horizon"":{""version"":""v28.0.1"",""state"":""newer_available"",""current"":""v29.0.0"",""newer"":[{""tag"":""v29.0.0"",""published_at"":""2026-10-01T20:17:56Z"",""url"":""https://github.com/stellar/stellar-horizon/releases/tag/v29.0.0""}]},""rpc"":{""version"":""v28.0.1"",""state"":""newer_available"",""current"":""v29.0.0"",""newer"":[{""tag"":""v29.0.0"",""published_at"":""2026-10-01T20:15:08Z"",""url"":""https://github.com/stellar/stellar-rpc/releases/tag/v29.0.0""}]}}"
stellar-ios-mac-sdk,compatibility.sep.matrices,latest_release,19,complete,2026-10-04T15:29:39Z,count,,2026-09-27T21:03:49Z,fresh,,,"{""tag"":""3.12.0"",""commit"":""b5dac0a6e8ff312d597c9a3b4269b03131d66e0d"",""published_at"":""2026-09-27T21:03:49Z"",""stellar_protocol_commit"":""974df5f0ae3e544e2479c50f844924e5e8f94d2e"",""horizon"":{""version"":""v28.0.1"",""state"":""newer_available"",""current"":""v29.0.0"",""newer"":[{""tag"":""v29.0.0"",""published_at"":""2026-10-01T20:17:56Z"",""url"":""https://github.com/stellar/stellar-horizon/releases/tag/v29.0.0""}]},""rpc"":{""version"":""v28.0.1"",""state"":""newer_available"",""current"":""v29.0.0"",""newer"":[{""tag"":""v29.0.0"",""published_at"":""2026-10-01T20:15:08Z"",""url"":""https://github.com/stellar/stellar-rpc/releases/tag/v29.0.0""}]}}"
stellar-ios-mac-sdk,compatibility.sep.at_full,latest_release,19,complete,2026-10-04T15:29:39Z,count,,2026-09-27T21:03:49Z,fresh,,,"{""tag"":""3.12.0"",""commit"":""b5dac0a6e8ff312d597c9a3b4269b03131d66e0d"",""published_at"":""2026-09-27T21:03:49Z"",""stellar_protocol_commit"":""974df5f0ae3e544e2479c50f844924e5e8f94d2e"",""horizon"":{""version"":""v28.0.1"",""state"":""newer_available"",""current"":""v29.0.0"",""newer"":[{""tag"":""v29.0.0"",""published_at"":""2026-10-01T20:17:56Z"",""url"":""https://github.com/stellar/stellar-horizon/releases/tag/v29.0.0""}]},""rpc"":{""version"":""v28.0.1"",""state"":""newer_available"",""current"":""v29.0.0"",""newer"":[{""tag"":""v29.0.0"",""published_at"":""2026-10-01T20:15:08Z"",""url"":""https://github.com/stellar/stellar-rpc/releases/tag/v29.0.0""}]}}"
stellar-ios-mac-sdk,compatibility.sep.current,snapshot,18,complete,2026-10-04T15:29:39Z,count,,2026-10-04T15:29:39Z,fresh,,,"{""tag"":""3.12.0"",""commit"":""b5dac0a6e8ff312d597c9a3b4269b03131d66e0d"",""published_at"":""2026-09-27T21:03:49Z"",""stellar_protocol_commit"":""974df5f0ae3e544e2479c50f844924e5e8f94d2e"",""horizon"":{""version"":""v28.0.1"",""state"":""newer_available"",""current"":""v29.0.0"",""newer"":[{""tag"":""v29.0.0"",""published_at"":""2026-10-01T20:17:56Z"",""url"":""https://github.com/stellar/stellar-horizon/releases/tag/v29.0.0""}]},""rpc"":{""version"":""v28.0.1"",""state"":""newer_available"",""current"":""v29.0.0"",""newer"":[{""tag"":""v29.0.0"",""published_at"":""2026-10-01T20:15:08Z"",""url"":""https://github.com/stellar/stellar-rpc/releases/tag/v29.0.0""}]}}"
stellar-ios-mac-sdk,compatibility.sep.version_differs,snapshot,0,complete,2026-10-04T15:29:39Z,count,,2026-10-04T15:29:39Z,fresh,,,"{""tag"":""3.12.0"",""commit"":""b5dac0a6e8ff312d597c9a3b4269b03131d66e0d"",""published_at"":""2026-09-27T21:03:49Z"",""stellar_protocol_commit"":""974df5f0ae3e544e2479c50f844924e5e8f94d2e"",""horizon"":{""version"":""v28.0.1"",""state"":""newer_available"",""current"":""v29.0.0"",""newer"":[{""tag"":""v29.0.0"",""published_at"":""2026-10-01T20:17:56Z"",""url"":""https://github.com/stellar/stellar-horizon/releases/tag/v29.0.0""}]},""rpc"":{""version"":""v28.0.1"",""state"":""newer_available"",""current"":""v29.0.0"",""newer"":[{""tag"":""v29.0.0"",""published_at"":""2026-10-01T20:15:08Z"",""url"":""https://github.com/stellar/stellar-rpc/releases/tag/v29.0.0""}]}}"
stellar-ios-mac-sdk,compatibility.sep.updated_date_not_later,snapshot,0,complete,2026-10-04T15:29:39Z,count,,2026-10-04T15:29:39Z,fresh,,,"{""tag"":""3.12.0"",""commit"":""b5dac0a6e8ff312d597c9a3b4269b03131d66e0d"",""published_at"":""2026-09-27T21:03:49Z"",""stellar_protocol_commit"":""974df5f0ae3e544e2479c50f844924e5e8f94d2e"",""horizon"":{""version"":""v28.0.1"",""state"":""newer_available"",""current"":""v29.0.0"",""newer"":[{""tag"":""v29.0.0"",""published_at"":""2026-10-01T20:17:56Z"",""url"":""https://github.com/stellar/stellar-horizon/releases/tag/v29.0.0""}]},""rpc"":{""version"":""v28.0.1"",""state"":""newer_available"",""current"":""v29.0.0"",""newer"":[{""tag"":""v29.0.0"",""published_at"":""2026-10-01T20:15:08Z"",""url"":""https://github.com/stellar/stellar-rpc/releases/tag/v29.0.0""}]}}"
stellar-ios-mac-sdk,compatibility.sep.updated_date_later,snapshot,0,complete,2026-10-04T15:29:39Z,count,,2026-10-04T15:29:39Z,fresh,,,"{""tag"":""3.12.0"",""commit"":""b5dac0a6e8ff312d597c9a3b4269b03131d66e0d"",""published_at"":""2026-09-27T21:03:49Z"",""stellar_protocol_commit"":""974df5f0ae3e544e2479c50f844924e5e8f94d2e"",""horizon"":{""version"":""v28.0.1"",""state"":""newer_available"",""current"":""v29.0.0"",""newer"":[{""tag"":""v29.0.0"",""published_at"":""2026-10-01T20:17:56Z"",""url"":""https://github.com/stellar/stellar-horizon/releases/tag/v29.0.0""}]},""rpc"":{""version"":""v28.0.1"",""state"":""newer_available"",""current"":""v29.0.0"",""newer"":[{""tag"":""v29.0.0"",""published_at"":""2026-10-01T20:15:08Z"",""url"":""https://github.com/stellar/stellar-rpc/releases/tag/v29.0.0""}]}}"
stellar-ios-mac-sdk,compatibility.sep.no_version_field,snapshot,1,complete,2026-10-04T15:29:39Z,count,,2026-10-04T15:29:39Z,fresh,,,"{""tag"":""3.12.0"",""commit"":""b5dac0a6e8ff312d597c9a3b4269b03131d66e0d"",""published_at"":""2026-09-27T21:03:49Z"",""stellar_protocol_commit"":""974df5f0ae3e544e2479c50f844924e5e8f94d2e"",""horizon"":{""version"":""v28.0.1"",""state"":""newer_available"",""current"":""v29.0.0"",""newer"":[{""tag"":""v29.0.0"",""published_at"":""2026-10-01T20:17:56Z"",""url"":""https://github.com/stellar/stellar-horizon/releases/tag/v29.0.0""}]},""rpc"":{""version"":""v28.0.1"",""state"":""newer_available"",""current"":""v29.0.0"",""newer"":[{""tag"":""v29.0.0"",""published_at"":""2026-10-01T20:15:08Z"",""url"":""https://github.com/stellar/stellar-rpc/releases/tag/v29.0.0""}]}}"
stellar-ios-mac-sdk,compatibility.sep.unknown,snapshot,0,complete,2026-10-04T15:29:39Z,count,,2026-10-04T15:29:39Z,fresh,,,"{""tag"":""3.12.0"",""commit"":""b5dac0a6e8ff312d597c9a3b4269b03131d66e0d"",""published_at"":""2026-09-27T21:03:49Z"",""stellar_protocol_commit"":""974df5f0ae3e544e2479c50f844924e5e8f94d2e"",""horizon"":{""version"":""v28.0.1"",""state"":""newer_available"",""current"":""v29.0.0"",""newer"":[{""tag"":""v29.0.0"",""published_at"":""2026-10-01T20:17:56Z"",""url"":""https://github.com/stellar/stellar-horizon/releases/tag/v29.0.0""}]},""rpc"":{""version"":""v28.0.1"",""state"":""newer_available"",""current"":""v29.0.0"",""newer"":[{""tag"":""v29.0.0"",""published_at"":""2026-10-01T20:15:08Z"",""url"":""https://github.com/stellar/stellar-rpc/releases/tag/v29.0.0""}]}}"
stellar-ios-mac-sdk,production_user.0.stars,curated_snapshot,null,incomplete,,count,,,not_applicable,No verified public repository star snapshot.,,
stellar-ios-mac-sdk,production_user.1.stars,curated_snapshot,907,complete,2026-09-22,count,,,not_applicable,,,
stellar-ios-mac-sdk,feedback.verified_comments,Q3 2026 proposal thread,4,complete,,count,,,not_applicable,No shared collection timestamp; individual verified_dates are supplied.,,
stellar-ios-mac-sdk,reach.stars,snapshot,132,complete,2026-10-05T19:18:52Z,count,,,fresh,,,
stellar-ios-mac-sdk,reach.forks,snapshot,55,complete,2026-10-05T19:18:52Z,count,,,fresh,,,
stellar-ios-mac-sdk,release.all_time_count,lifetime,151,complete,2026-10-05T19:23:40Z,count,,,fresh,,,
stellar-ios-mac-sdk,release.latest_stable,latest,"{""tag"":""3.12.0"",""date"":""2026-09-27""}",complete,2026-10-05T19:23:40Z,release,,,fresh,,,
stellar-ios-mac-sdk,release.first,first_release,"""1.0.0 (2018-03-02)""",complete,,release,,,unknown,Static repository history; observation time is not collected.,,
stellar-ios-mac-sdk,reach.dependents,snapshot,null,not_applicable,,count,,,unknown,Not tracked for SPM.,,
stellar-ios-mac-sdk,activity.days_since_last_push,since_last_push,null,incomplete,,days,,,unknown,Pure push timestamps are not collected; commit dates are not push dates.,,
stellar-ios-mac-sdk,activity.non_merge_commits,not_configured,null,incomplete,,count,,,unknown,Bot-filtered non-merge git-log counts are not collected; the heatmap uses GitHub daily counts.,,
stellar-ios-mac-sdk,issues.answered_within_7d,90d,null,incomplete,,count,,,unknown,"The dashboard publishes 48-hour A/N counts, not a seven-day response signal.",,
stellar-ios-mac-sdk,prs.answered_within_7d,90d,null,incomplete,,count,,,unknown,"The dashboard publishes 48-hour A/N counts, not a seven-day response signal.",,
stellar-ios-mac-sdk,maintainer_issues.created_90d,90d,null,incomplete,,count,,,unknown,Separate maintainer issue counts are not published.,,
stellar-ios-mac-sdk,maintainer_prs.created_90d,90d,null,incomplete,,count,,,unknown,Only the separate 365-day maintainer PR cohort is published.,,
stellar-ios-mac-sdk,host.contributor_activity,not_configured,null,incomplete,,count,,,unknown,Contributor-scoped host-repository activity is not collected.,,
stellar_flutter_sdk,release.median_gap_days_365d,365d,15.1,complete,2026-10-05T19:23:40Z,days,21,2026-10-05,fresh,,,
stellar_flutter_sdk,release.days_since_last,since_last_release,7.8,complete,2026-10-05T19:23:40Z,days,,2026-10-05,fresh,,,
stellar_flutter_sdk,release.count_90d,90d,6,complete,2026-10-05T19:23:40Z,count,,2026-10-05,fresh,,,
stellar_flutter_sdk,release.count_365d,365d,21,complete,2026-10-05T19:23:40Z,count,,2026-10-05,fresh,,,
stellar_flutter_sdk,issues.open_count,open_snapshot,1,complete,2026-10-05T19:19:44Z,count,,,fresh,,,
stellar_flutter_sdk,issues.open_median_age_days,open_snapshot,0.3,complete,2026-10-05T19:19:44Z,days,1,,fresh,,,
stellar_flutter_sdk,issues.created_365d,365d,4,complete,2026-10-05T19:19:44Z,count,,2026-10-05T19:19:44Z,fresh,,,
stellar_flutter_sdk,issues.closed_365d,365d,4,complete,2026-10-05T19:19:44Z,count,,2026-10-05T19:19:44Z,fresh,,,
stellar_flutter_sdk,issues.median_close_hours,365d,65.2,complete,2026-10-05T19:19:44Z,hours,4,2026-10-05T19:19:44Z,fresh,,,
stellar_flutter_sdk,prs.open_count,open_snapshot,0,complete,2026-10-05T19:19:44Z,count,,,fresh,,,
stellar_flutter_sdk,prs.open_median_age_days,open_snapshot,null,not_applicable,2026-10-05T19:19:44Z,days,0,,fresh,No open items.,,
stellar_flutter_sdk,prs.created_365d,365d,2,complete,2026-10-05T19:19:44Z,count,,2026-10-05T19:19:44Z,fresh,,,
stellar_flutter_sdk,prs.closed_365d,365d,2,complete,2026-10-05T19:19:44Z,count,,2026-10-05T19:19:44Z,fresh,,,
stellar_flutter_sdk,prs.median_close_hours,365d,16.3,complete,2026-10-05T19:19:44Z,hours,2,2026-10-05T19:19:44Z,fresh,,,
stellar_flutter_sdk,maintainer_prs.created_365d,365d,48,complete,2026-10-05T19:19:44Z,count,,2026-10-05T19:19:44Z,fresh,,,
stellar_flutter_sdk,maintainer_prs.closed_365d,365d,48,complete,2026-10-05T19:19:44Z,count,,2026-10-05T19:19:44Z,fresh,,,
stellar_flutter_sdk,issues.response_eligible_90d,90d,2,complete,2026-10-05T19:19:44Z,count,2,2026-10-05T19:19:44Z,fresh,,,
stellar_flutter_sdk,issues.answered_within_48h_90d,90d,2,complete,2026-10-05T19:19:44Z,count,2,2026-10-05T19:19:44Z,fresh,,,
stellar_flutter_sdk,issues.median_first_response_hours,90d,1.5,complete,2026-10-05T19:19:44Z,hours,2,2026-10-05T19:19:44Z,fresh,,,
stellar_flutter_sdk,issues.unanswered_90d,90d,0,complete,2026-10-05T19:19:44Z,count,,2026-10-05T19:19:44Z,fresh,,,
stellar_flutter_sdk,issues.pending_90d,90d,0,complete,2026-10-05T19:19:44Z,count,,2026-10-05T19:19:44Z,fresh,,,
stellar_flutter_sdk,issues.unknown_attribution_90d,90d,0,complete,2026-10-05T19:19:44Z,count,,2026-10-05T19:19:44Z,fresh,,,
stellar_flutter_sdk,issues.unknown_clock_90d,90d,0,complete,2026-10-05T19:19:44Z,count,,2026-10-05T19:19:44Z,fresh,,,
stellar_flutter_sdk,prs.response_eligible_90d,90d,0,complete,2026-10-05T19:19:44Z,count,0,2026-10-05T19:19:44Z,fresh,,,
stellar_flutter_sdk,prs.answered_within_48h_90d,90d,0,complete,2026-10-05T19:19:44Z,count,0,2026-10-05T19:19:44Z,fresh,,,
stellar_flutter_sdk,prs.median_first_response_hours,90d,null,not_applicable,2026-10-05T19:19:44Z,hours,0,2026-10-05T19:19:44Z,fresh,No answered eligible items.,,
stellar_flutter_sdk,prs.unanswered_90d,90d,0,complete,2026-10-05T19:19:44Z,count,,2026-10-05T19:19:44Z,fresh,,,
stellar_flutter_sdk,prs.pending_90d,90d,0,complete,2026-10-05T19:19:44Z,count,,2026-10-05T19:19:44Z,fresh,,,
stellar_flutter_sdk,prs.unknown_attribution_90d,90d,0,complete,2026-10-05T19:19:44Z,count,,2026-10-05T19:19:44Z,fresh,,,
stellar_flutter_sdk,prs.unknown_clock_90d,90d,0,complete,2026-10-05T19:19:44Z,count,,2026-10-05T19:19:44Z,fresh,,,
stellar_flutter_sdk,prs.merged_90d,90d,0,complete,2026-10-05T19:19:44Z,count,,2026-10-05T19:19:44Z,fresh,,,
stellar_flutter_sdk,prs.closed_without_merge_90d,90d,0,complete,2026-10-05T19:19:44Z,count,,2026-10-05T19:19:44Z,fresh,,,
stellar_flutter_sdk,prs.still_open_90d,90d,0,complete,2026-10-05T19:19:44Z,count,,2026-10-05T19:19:44Z,fresh,,,
stellar_flutter_sdk,pubdev.download_count_52w,52w,18247,complete,2026-10-05T19:14:02Z,count,,,fresh,,,
stellar_flutter_sdk,pubdev.download_count_30d,30d,2905,complete,2026-10-05T19:14:02Z,count,,,fresh,,,
stellar_flutter_sdk,protocol.0.lag_days,mainnet_activation,-20,complete,2026-09-22,days,,,not_applicable,,"{""name"":""Protocol 27"",""mainnet_activation_date"":""2026-07-08"",""sdk_change_required"":true,""release_tag"":""3.2.0"",""release_date"":""2026-06-18""}",
stellar_flutter_sdk,protocol.1.lag_days,mainnet_activation,-23,complete,2026-09-22,days,,,not_applicable,,"{""name"":""Protocol 28"",""mainnet_activation_date"":""2026-09-16"",""sdk_change_required"":true,""release_tag"":""3.6.0"",""release_date"":""2026-08-24""}",
stellar_flutter_sdk,protocol.2.lag_days,mainnet_activation,null,not_applicable,2026-10-02,days,,,not_applicable,Security release without XDR or API changes; no SDK release required,"{""name"":""Protocol 29"",""mainnet_activation_date"":""2026-10-01"",""sdk_change_required"":false,""release_tag"":null,""release_date"":null}",
stellar_flutter_sdk,compatibility.horizon.full,latest_release,50,complete,2026-10-04T15:29:39Z,count,,2026-09-28T00:34:32Z,fresh,,,"{""tag"":""3.8.0"",""commit"":""9d156d4f6afbcca1c050de02ff0d1f7d0a0af276"",""published_at"":""2026-09-28T00:34:32Z"",""stellar_protocol_commit"":""974df5f0ae3e544e2479c50f844924e5e8f94d2e"",""horizon"":{""version"":""v28.0.1"",""state"":""newer_available"",""current"":""v29.0.0"",""newer"":[{""tag"":""v29.0.0"",""published_at"":""2026-10-01T20:17:56Z"",""url"":""https://github.com/stellar/stellar-horizon/releases/tag/v29.0.0""}]},""rpc"":{""version"":""v28.0.1"",""state"":""newer_available"",""current"":""v29.0.0"",""newer"":[{""tag"":""v29.0.0"",""published_at"":""2026-10-01T20:15:08Z"",""url"":""https://github.com/stellar/stellar-rpc/releases/tag/v29.0.0""}]}}"
stellar_flutter_sdk,compatibility.horizon.total,latest_release,50,complete,2026-10-04T15:29:39Z,count,,2026-09-28T00:34:32Z,fresh,,,"{""tag"":""3.8.0"",""commit"":""9d156d4f6afbcca1c050de02ff0d1f7d0a0af276"",""published_at"":""2026-09-28T00:34:32Z"",""stellar_protocol_commit"":""974df5f0ae3e544e2479c50f844924e5e8f94d2e"",""horizon"":{""version"":""v28.0.1"",""state"":""newer_available"",""current"":""v29.0.0"",""newer"":[{""tag"":""v29.0.0"",""published_at"":""2026-10-01T20:17:56Z"",""url"":""https://github.com/stellar/stellar-horizon/releases/tag/v29.0.0""}]},""rpc"":{""version"":""v28.0.1"",""state"":""newer_available"",""current"":""v29.0.0"",""newer"":[{""tag"":""v29.0.0"",""published_at"":""2026-10-01T20:15:08Z"",""url"":""https://github.com/stellar/stellar-rpc/releases/tag/v29.0.0""}]}}"
stellar_flutter_sdk,compatibility.horizon.newer_stable_releases,snapshot,1,complete,2026-10-04T15:29:39Z,count,,2026-10-04T15:29:39Z,fresh,,,"{""tag"":""3.8.0"",""commit"":""9d156d4f6afbcca1c050de02ff0d1f7d0a0af276"",""published_at"":""2026-09-28T00:34:32Z"",""stellar_protocol_commit"":""974df5f0ae3e544e2479c50f844924e5e8f94d2e"",""horizon"":{""version"":""v28.0.1"",""state"":""newer_available"",""current"":""v29.0.0"",""newer"":[{""tag"":""v29.0.0"",""published_at"":""2026-10-01T20:17:56Z"",""url"":""https://github.com/stellar/stellar-horizon/releases/tag/v29.0.0""}]},""rpc"":{""version"":""v28.0.1"",""state"":""newer_available"",""current"":""v29.0.0"",""newer"":[{""tag"":""v29.0.0"",""published_at"":""2026-10-01T20:15:08Z"",""url"":""https://github.com/stellar/stellar-rpc/releases/tag/v29.0.0""}]}}"
stellar_flutter_sdk,compatibility.rpc.full,latest_release,12,complete,2026-10-04T15:29:39Z,count,,2026-09-28T00:34:32Z,fresh,,,"{""tag"":""3.8.0"",""commit"":""9d156d4f6afbcca1c050de02ff0d1f7d0a0af276"",""published_at"":""2026-09-28T00:34:32Z"",""stellar_protocol_commit"":""974df5f0ae3e544e2479c50f844924e5e8f94d2e"",""horizon"":{""version"":""v28.0.1"",""state"":""newer_available"",""current"":""v29.0.0"",""newer"":[{""tag"":""v29.0.0"",""published_at"":""2026-10-01T20:17:56Z"",""url"":""https://github.com/stellar/stellar-horizon/releases/tag/v29.0.0""}]},""rpc"":{""version"":""v28.0.1"",""state"":""newer_available"",""current"":""v29.0.0"",""newer"":[{""tag"":""v29.0.0"",""published_at"":""2026-10-01T20:15:08Z"",""url"":""https://github.com/stellar/stellar-rpc/releases/tag/v29.0.0""}]}}"
stellar_flutter_sdk,compatibility.rpc.total,latest_release,12,complete,2026-10-04T15:29:39Z,count,,2026-09-28T00:34:32Z,fresh,,,"{""tag"":""3.8.0"",""commit"":""9d156d4f6afbcca1c050de02ff0d1f7d0a0af276"",""published_at"":""2026-09-28T00:34:32Z"",""stellar_protocol_commit"":""974df5f0ae3e544e2479c50f844924e5e8f94d2e"",""horizon"":{""version"":""v28.0.1"",""state"":""newer_available"",""current"":""v29.0.0"",""newer"":[{""tag"":""v29.0.0"",""published_at"":""2026-10-01T20:17:56Z"",""url"":""https://github.com/stellar/stellar-horizon/releases/tag/v29.0.0""}]},""rpc"":{""version"":""v28.0.1"",""state"":""newer_available"",""current"":""v29.0.0"",""newer"":[{""tag"":""v29.0.0"",""published_at"":""2026-10-01T20:15:08Z"",""url"":""https://github.com/stellar/stellar-rpc/releases/tag/v29.0.0""}]}}"
stellar_flutter_sdk,compatibility.rpc.newer_stable_releases,snapshot,1,complete,2026-10-04T15:29:39Z,count,,2026-10-04T15:29:39Z,fresh,,,"{""tag"":""3.8.0"",""commit"":""9d156d4f6afbcca1c050de02ff0d1f7d0a0af276"",""published_at"":""2026-09-28T00:34:32Z"",""stellar_protocol_commit"":""974df5f0ae3e544e2479c50f844924e5e8f94d2e"",""horizon"":{""version"":""v28.0.1"",""state"":""newer_available"",""current"":""v29.0.0"",""newer"":[{""tag"":""v29.0.0"",""published_at"":""2026-10-01T20:17:56Z"",""url"":""https://github.com/stellar/stellar-horizon/releases/tag/v29.0.0""}]},""rpc"":{""version"":""v28.0.1"",""state"":""newer_available"",""current"":""v29.0.0"",""newer"":[{""tag"":""v29.0.0"",""published_at"":""2026-10-01T20:15:08Z"",""url"":""https://github.com/stellar/stellar-rpc/releases/tag/v29.0.0""}]}}"
stellar_flutter_sdk,compatibility.sep.matrices,latest_release,20,complete,2026-10-04T15:29:39Z,count,,2026-09-28T00:34:32Z,fresh,,,"{""tag"":""3.8.0"",""commit"":""9d156d4f6afbcca1c050de02ff0d1f7d0a0af276"",""published_at"":""2026-09-28T00:34:32Z"",""stellar_protocol_commit"":""974df5f0ae3e544e2479c50f844924e5e8f94d2e"",""horizon"":{""version"":""v28.0.1"",""state"":""newer_available"",""current"":""v29.0.0"",""newer"":[{""tag"":""v29.0.0"",""published_at"":""2026-10-01T20:17:56Z"",""url"":""https://github.com/stellar/stellar-horizon/releases/tag/v29.0.0""}]},""rpc"":{""version"":""v28.0.1"",""state"":""newer_available"",""current"":""v29.0.0"",""newer"":[{""tag"":""v29.0.0"",""published_at"":""2026-10-01T20:15:08Z"",""url"":""https://github.com/stellar/stellar-rpc/releases/tag/v29.0.0""}]}}"
stellar_flutter_sdk,compatibility.sep.at_full,latest_release,20,complete,2026-10-04T15:29:39Z,count,,2026-09-28T00:34:32Z,fresh,,,"{""tag"":""3.8.0"",""commit"":""9d156d4f6afbcca1c050de02ff0d1f7d0a0af276"",""published_at"":""2026-09-28T00:34:32Z"",""stellar_protocol_commit"":""974df5f0ae3e544e2479c50f844924e5e8f94d2e"",""horizon"":{""version"":""v28.0.1"",""state"":""newer_available"",""current"":""v29.0.0"",""newer"":[{""tag"":""v29.0.0"",""published_at"":""2026-10-01T20:17:56Z"",""url"":""https://github.com/stellar/stellar-horizon/releases/tag/v29.0.0""}]},""rpc"":{""version"":""v28.0.1"",""state"":""newer_available"",""current"":""v29.0.0"",""newer"":[{""tag"":""v29.0.0"",""published_at"":""2026-10-01T20:15:08Z"",""url"":""https://github.com/stellar/stellar-rpc/releases/tag/v29.0.0""}]}}"
stellar_flutter_sdk,compatibility.sep.current,snapshot,18,complete,2026-10-04T15:29:39Z,count,,2026-10-04T15:29:39Z,fresh,,,"{""tag"":""3.8.0"",""commit"":""9d156d4f6afbcca1c050de02ff0d1f7d0a0af276"",""published_at"":""2026-09-28T00:34:32Z"",""stellar_protocol_commit"":""974df5f0ae3e544e2479c50f844924e5e8f94d2e"",""horizon"":{""version"":""v28.0.1"",""state"":""newer_available"",""current"":""v29.0.0"",""newer"":[{""tag"":""v29.0.0"",""published_at"":""2026-10-01T20:17:56Z"",""url"":""https://github.com/stellar/stellar-horizon/releases/tag/v29.0.0""}]},""rpc"":{""version"":""v28.0.1"",""state"":""newer_available"",""current"":""v29.0.0"",""newer"":[{""tag"":""v29.0.0"",""published_at"":""2026-10-01T20:15:08Z"",""url"":""https://github.com/stellar/stellar-rpc/releases/tag/v29.0.0""}]}}"
stellar_flutter_sdk,compatibility.sep.version_differs,snapshot,1,complete,2026-10-04T15:29:39Z,count,,2026-10-04T15:29:39Z,fresh,,,"{""tag"":""3.8.0"",""commit"":""9d156d4f6afbcca1c050de02ff0d1f7d0a0af276"",""published_at"":""2026-09-28T00:34:32Z"",""stellar_protocol_commit"":""974df5f0ae3e544e2479c50f844924e5e8f94d2e"",""horizon"":{""version"":""v28.0.1"",""state"":""newer_available"",""current"":""v29.0.0"",""newer"":[{""tag"":""v29.0.0"",""published_at"":""2026-10-01T20:17:56Z"",""url"":""https://github.com/stellar/stellar-horizon/releases/tag/v29.0.0""}]},""rpc"":{""version"":""v28.0.1"",""state"":""newer_available"",""current"":""v29.0.0"",""newer"":[{""tag"":""v29.0.0"",""published_at"":""2026-10-01T20:15:08Z"",""url"":""https://github.com/stellar/stellar-rpc/releases/tag/v29.0.0""}]}}"
stellar_flutter_sdk,compatibility.sep.updated_date_not_later,snapshot,0,complete,2026-10-04T15:29:39Z,count,,2026-10-04T15:29:39Z,fresh,,,"{""tag"":""3.8.0"",""commit"":""9d156d4f6afbcca1c050de02ff0d1f7d0a0af276"",""published_at"":""2026-09-28T00:34:32Z"",""stellar_protocol_commit"":""974df5f0ae3e544e2479c50f844924e5e8f94d2e"",""horizon"":{""version"":""v28.0.1"",""state"":""newer_available"",""current"":""v29.0.0"",""newer"":[{""tag"":""v29.0.0"",""published_at"":""2026-10-01T20:17:56Z"",""url"":""https://github.com/stellar/stellar-horizon/releases/tag/v29.0.0""}]},""rpc"":{""version"":""v28.0.1"",""state"":""newer_available"",""current"":""v29.0.0"",""newer"":[{""tag"":""v29.0.0"",""published_at"":""2026-10-01T20:15:08Z"",""url"":""https://github.com/stellar/stellar-rpc/releases/tag/v29.0.0""}]}}"
stellar_flutter_sdk,compatibility.sep.updated_date_later,snapshot,0,complete,2026-10-04T15:29:39Z,count,,2026-10-04T15:29:39Z,fresh,,,"{""tag"":""3.8.0"",""commit"":""9d156d4f6afbcca1c050de02ff0d1f7d0a0af276"",""published_at"":""2026-09-28T00:34:32Z"",""stellar_protocol_commit"":""974df5f0ae3e544e2479c50f844924e5e8f94d2e"",""horizon"":{""version"":""v28.0.1"",""state"":""newer_available"",""current"":""v29.0.0"",""newer"":[{""tag"":""v29.0.0"",""published_at"":""2026-10-01T20:17:56Z"",""url"":""https://github.com/stellar/stellar-horizon/releases/tag/v29.0.0""}]},""rpc"":{""version"":""v28.0.1"",""state"":""newer_available"",""current"":""v29.0.0"",""newer"":[{""tag"":""v29.0.0"",""published_at"":""2026-10-01T20:15:08Z"",""url"":""https://github.com/stellar/stellar-rpc/releases/tag/v29.0.0""}]}}"
stellar_flutter_sdk,compatibility.sep.no_version_field,snapshot,1,complete,2026-10-04T15:29:39Z,count,,2026-10-04T15:29:39Z,fresh,,,"{""tag"":""3.8.0"",""commit"":""9d156d4f6afbcca1c050de02ff0d1f7d0a0af276"",""published_at"":""2026-09-28T00:34:32Z"",""stellar_protocol_commit"":""974df5f0ae3e544e2479c50f844924e5e8f94d2e"",""horizon"":{""version"":""v28.0.1"",""state"":""newer_available"",""current"":""v29.0.0"",""newer"":[{""tag"":""v29.0.0"",""published_at"":""2026-10-01T20:17:56Z"",""url"":""https://github.com/stellar/stellar-horizon/releases/tag/v29.0.0""}]},""rpc"":{""version"":""v28.0.1"",""state"":""newer_available"",""current"":""v29.0.0"",""newer"":[{""tag"":""v29.0.0"",""published_at"":""2026-10-01T20:15:08Z"",""url"":""https://github.com/stellar/stellar-rpc/releases/tag/v29.0.0""}]}}"
stellar_flutter_sdk,compatibility.sep.unknown,snapshot,0,complete,2026-10-04T15:29:39Z,count,,2026-10-04T15:29:39Z,fresh,,,"{""tag"":""3.8.0"",""commit"":""9d156d4f6afbcca1c050de02ff0d1f7d0a0af276"",""published_at"":""2026-09-28T00:34:32Z"",""stellar_protocol_commit"":""974df5f0ae3e544e2479c50f844924e5e8f94d2e"",""horizon"":{""version"":""v28.0.1"",""state"":""newer_available"",""current"":""v29.0.0"",""newer"":[{""tag"":""v29.0.0"",""published_at"":""2026-10-01T20:17:56Z"",""url"":""https://github.com/stellar/stellar-horizon/releases/tag/v29.0.0""}]},""rpc"":{""version"":""v28.0.1"",""state"":""newer_available"",""current"":""v29.0.0"",""newer"":[{""tag"":""v29.0.0"",""published_at"":""2026-10-01T20:15:08Z"",""url"":""https://github.com/stellar/stellar-rpc/releases/tag/v29.0.0""}]}}"
stellar_flutter_sdk,production_user.2.stars,curated_snapshot,null,incomplete,,count,,,not_applicable,No verified public repository star snapshot.,,
stellar_flutter_sdk,production_user.3.stars,curated_snapshot,460,complete,2026-09-22,count,,,not_applicable,,,
stellar_flutter_sdk,production_user.4.stars,curated_snapshot,null,incomplete,,count,,,not_applicable,No verified public repository star snapshot.,,
stellar_flutter_sdk,feedback.verified_comments,Q3 2026 proposal thread,7,complete,,count,,,not_applicable,No shared collection timestamp; individual verified_dates are supplied.,,
stellar_flutter_sdk,reach.stars,snapshot,88,complete,2026-10-05T19:18:52Z,count,,,fresh,,,
stellar_flutter_sdk,reach.forks,snapshot,36,complete,2026-10-05T19:18:52Z,count,,,fresh,,,
stellar_flutter_sdk,release.all_time_count,lifetime,116,complete,2026-10-05T19:23:40Z,count,,,fresh,,,
stellar_flutter_sdk,release.latest_stable,latest,"{""tag"":""3.8.0"",""date"":""2026-09-28""}",complete,2026-10-05T19:23:40Z,release,,,fresh,,,
stellar_flutter_sdk,release.first,first_release,"""0.7.8 (2020-06-24)""",complete,,release,,,unknown,Static repository history; observation time is not collected.,,
stellar_flutter_sdk,reach.dependents,snapshot,94,complete,2026-10-05,count,,,fresh,,,
stellar_flutter_sdk,activity.days_since_last_push,since_last_push,null,incomplete,,days,,,unknown,Pure push timestamps are not collected; commit dates are not push dates.,,
stellar_flutter_sdk,activity.non_merge_commits,not_configured,null,incomplete,,count,,,unknown,Bot-filtered non-merge git-log counts are not collected; the heatmap uses GitHub daily counts.,,
stellar_flutter_sdk,issues.answered_within_7d,90d,null,incomplete,,count,,,unknown,"The dashboard publishes 48-hour A/N counts, not a seven-day response signal.",,
stellar_flutter_sdk,prs.answered_within_7d,90d,null,incomplete,,count,,,unknown,"The dashboard publishes 48-hour A/N counts, not a seven-day response signal.",,
stellar_flutter_sdk,maintainer_issues.created_90d,90d,null,incomplete,,count,,,unknown,Separate maintainer issue counts are not published.,,
stellar_flutter_sdk,maintainer_prs.created_90d,90d,null,incomplete,,count,,,unknown,Only the separate 365-day maintainer PR cohort is published.,,
stellar_flutter_sdk,host.contributor_activity,not_configured,null,incomplete,,count,,,unknown,Contributor-scoped host-repository activity is not collected.,,
stellar-php-sdk,release.median_gap_days_365d,365d,19.3,complete,2026-10-05T19:23:40Z,days,19,2026-10-05,fresh,,,
stellar-php-sdk,release.days_since_last,since_last_release,7.9,complete,2026-10-05T19:23:40Z,days,,2026-10-05,fresh,,,
stellar-php-sdk,release.count_90d,90d,5,complete,2026-10-05T19:23:40Z,count,,2026-10-05,fresh,,,
stellar-php-sdk,release.count_365d,365d,19,complete,2026-10-05T19:23:40Z,count,,2026-10-05,fresh,,,
stellar-php-sdk,issues.open_count,open_snapshot,0,complete,2026-10-05T19:19:44Z,count,,,fresh,,,
stellar-php-sdk,issues.open_median_age_days,open_snapshot,null,not_applicable,2026-10-05T19:19:44Z,days,0,,fresh,No open items.,,
stellar-php-sdk,issues.created_365d,365d,4,complete,2026-10-05T19:19:44Z,count,,2026-10-05T19:19:44Z,fresh,,,
stellar-php-sdk,issues.closed_365d,365d,4,complete,2026-10-05T19:19:44Z,count,,2026-10-05T19:19:44Z,fresh,,,
stellar-php-sdk,issues.median_close_hours,365d,60.6,complete,2026-10-05T19:19:44Z,hours,4,2026-10-05T19:19:44Z,fresh,,,
stellar-php-sdk,prs.open_count,open_snapshot,0,complete,2026-10-05T19:19:44Z,count,,,fresh,,,
stellar-php-sdk,prs.open_median_age_days,open_snapshot,null,not_applicable,2026-10-05T19:19:44Z,days,0,,fresh,No open items.,,
stellar-php-sdk,prs.created_365d,365d,2,complete,2026-10-05T19:19:44Z,count,,2026-10-05T19:19:44Z,fresh,,,
stellar-php-sdk,prs.closed_365d,365d,2,complete,2026-10-05T19:19:44Z,count,,2026-10-05T19:19:44Z,fresh,,,
stellar-php-sdk,prs.median_close_hours,365d,23.9,complete,2026-10-05T19:19:44Z,hours,2,2026-10-05T19:19:44Z,fresh,,,
stellar-php-sdk,maintainer_prs.created_365d,365d,46,complete,2026-10-05T19:19:44Z,count,,2026-10-05T19:19:44Z,fresh,,,
stellar-php-sdk,maintainer_prs.closed_365d,365d,46,complete,2026-10-05T19:19:44Z,count,,2026-10-05T19:19:44Z,fresh,,,
stellar-php-sdk,issues.response_eligible_90d,90d,2,complete,2026-10-05T19:19:44Z,count,2,2026-10-05T19:19:44Z,fresh,,,
stellar-php-sdk,issues.answered_within_48h_90d,90d,2,complete,2026-10-05T19:19:44Z,count,2,2026-10-05T19:19:44Z,fresh,,,
stellar-php-sdk,issues.median_first_response_hours,90d,1.5,complete,2026-10-05T19:19:44Z,hours,2,2026-10-05T19:19:44Z,fresh,,,
stellar-php-sdk,issues.unanswered_90d,90d,0,complete,2026-10-05T19:19:44Z,count,,2026-10-05T19:19:44Z,fresh,,,
stellar-php-sdk,issues.pending_90d,90d,0,complete,2026-10-05T19:19:44Z,count,,2026-10-05T19:19:44Z,fresh,,,
stellar-php-sdk,issues.unknown_attribution_90d,90d,0,complete,2026-10-05T19:19:44Z,count,,2026-10-05T19:19:44Z,fresh,,,
stellar-php-sdk,issues.unknown_clock_90d,90d,0,complete,2026-10-05T19:19:44Z,count,,2026-10-05T19:19:44Z,fresh,,,
stellar-php-sdk,prs.response_eligible_90d,90d,1,complete,2026-10-05T19:19:44Z,count,1,2026-10-05T19:19:44Z,fresh,,,
stellar-php-sdk,prs.answered_within_48h_90d,90d,1,complete,2026-10-05T19:19:44Z,count,1,2026-10-05T19:19:44Z,fresh,,,
stellar-php-sdk,prs.median_first_response_hours,90d,9.3,complete,2026-10-05T19:19:44Z,hours,1,2026-10-05T19:19:44Z,fresh,,,
stellar-php-sdk,prs.unanswered_90d,90d,0,complete,2026-10-05T19:19:44Z,count,,2026-10-05T19:19:44Z,fresh,,,
stellar-php-sdk,prs.pending_90d,90d,0,complete,2026-10-05T19:19:44Z,count,,2026-10-05T19:19:44Z,fresh,,,
stellar-php-sdk,prs.unknown_attribution_90d,90d,0,complete,2026-10-05T19:19:44Z,count,,2026-10-05T19:19:44Z,fresh,,,
stellar-php-sdk,prs.unknown_clock_90d,90d,0,complete,2026-10-05T19:19:44Z,count,,2026-10-05T19:19:44Z,fresh,,,
stellar-php-sdk,prs.merged_90d,90d,1,complete,2026-10-05T19:19:44Z,count,,2026-10-05T19:19:44Z,fresh,,,
stellar-php-sdk,prs.closed_without_merge_90d,90d,0,complete,2026-10-05T19:19:44Z,count,,2026-10-05T19:19:44Z,fresh,,,
stellar-php-sdk,prs.still_open_90d,90d,0,complete,2026-10-05T19:19:44Z,count,,2026-10-05T19:19:44Z,fresh,,,
stellar-php-sdk,packagist.lifetime_downloads,lifetime,63654,complete,2026-10-05T19:13:49Z,count,,,fresh,,,
stellar-php-sdk,packagist.last_full_month_downloads,2026-09,2984,complete,2026-10-05T19:13:49Z,count,,,fresh,,,
stellar-php-sdk,protocol.0.lag_days,mainnet_activation,-20,complete,2026-09-22,days,,,not_applicable,,"{""name"":""Protocol 27"",""mainnet_activation_date"":""2026-07-08"",""sdk_change_required"":true,""release_tag"":""1.10.0"",""release_date"":""2026-06-18""}",
stellar-php-sdk,protocol.1.lag_days,mainnet_activation,-23,complete,2026-09-22,days,,,not_applicable,,"{""name"":""Protocol 28"",""mainnet_activation_date"":""2026-09-16"",""sdk_change_required"":true,""release_tag"":""1.13.0"",""release_date"":""2026-08-24""}",
stellar-php-sdk,protocol.2.lag_days,mainnet_activation,null,not_applicable,2026-10-02,days,,,not_applicable,Security release without XDR or API changes; no SDK release required,"{""name"":""Protocol 29"",""mainnet_activation_date"":""2026-10-01"",""sdk_change_required"":false,""release_tag"":null,""release_date"":null}",
stellar-php-sdk,compatibility.horizon.full,latest_release,50,complete,2026-10-04T15:29:39Z,count,,2026-09-27T22:46:34Z,fresh,,,"{""tag"":""1.15.0"",""commit"":""641e57069271c85d8982db07215723d62ffb3eb0"",""published_at"":""2026-09-27T22:46:34Z"",""stellar_protocol_commit"":""974df5f0ae3e544e2479c50f844924e5e8f94d2e"",""horizon"":{""version"":""v28.0.1"",""state"":""newer_available"",""current"":""v29.0.0"",""newer"":[{""tag"":""v29.0.0"",""published_at"":""2026-10-01T20:17:56Z"",""url"":""https://github.com/stellar/stellar-horizon/releases/tag/v29.0.0""}]},""rpc"":{""version"":""v28.0.1"",""state"":""newer_available"",""current"":""v29.0.0"",""newer"":[{""tag"":""v29.0.0"",""published_at"":""2026-10-01T20:15:08Z"",""url"":""https://github.com/stellar/stellar-rpc/releases/tag/v29.0.0""}]}}"
stellar-php-sdk,compatibility.horizon.total,latest_release,50,complete,2026-10-04T15:29:39Z,count,,2026-09-27T22:46:34Z,fresh,,,"{""tag"":""1.15.0"",""commit"":""641e57069271c85d8982db07215723d62ffb3eb0"",""published_at"":""2026-09-27T22:46:34Z"",""stellar_protocol_commit"":""974df5f0ae3e544e2479c50f844924e5e8f94d2e"",""horizon"":{""version"":""v28.0.1"",""state"":""newer_available"",""current"":""v29.0.0"",""newer"":[{""tag"":""v29.0.0"",""published_at"":""2026-10-01T20:17:56Z"",""url"":""https://github.com/stellar/stellar-horizon/releases/tag/v29.0.0""}]},""rpc"":{""version"":""v28.0.1"",""state"":""newer_available"",""current"":""v29.0.0"",""newer"":[{""tag"":""v29.0.0"",""published_at"":""2026-10-01T20:15:08Z"",""url"":""https://github.com/stellar/stellar-rpc/releases/tag/v29.0.0""}]}}"
stellar-php-sdk,compatibility.horizon.newer_stable_releases,snapshot,1,complete,2026-10-04T15:29:39Z,count,,2026-10-04T15:29:39Z,fresh,,,"{""tag"":""1.15.0"",""commit"":""641e57069271c85d8982db07215723d62ffb3eb0"",""published_at"":""2026-09-27T22:46:34Z"",""stellar_protocol_commit"":""974df5f0ae3e544e2479c50f844924e5e8f94d2e"",""horizon"":{""version"":""v28.0.1"",""state"":""newer_available"",""current"":""v29.0.0"",""newer"":[{""tag"":""v29.0.0"",""published_at"":""2026-10-01T20:17:56Z"",""url"":""https://github.com/stellar/stellar-horizon/releases/tag/v29.0.0""}]},""rpc"":{""version"":""v28.0.1"",""state"":""newer_available"",""current"":""v29.0.0"",""newer"":[{""tag"":""v29.0.0"",""published_at"":""2026-10-01T20:15:08Z"",""url"":""https://github.com/stellar/stellar-rpc/releases/tag/v29.0.0""}]}}"
stellar-php-sdk,compatibility.rpc.full,latest_release,12,complete,2026-10-04T15:29:39Z,count,,2026-09-27T22:46:34Z,fresh,,,"{""tag"":""1.15.0"",""commit"":""641e57069271c85d8982db07215723d62ffb3eb0"",""published_at"":""2026-09-27T22:46:34Z"",""stellar_protocol_commit"":""974df5f0ae3e544e2479c50f844924e5e8f94d2e"",""horizon"":{""version"":""v28.0.1"",""state"":""newer_available"",""current"":""v29.0.0"",""newer"":[{""tag"":""v29.0.0"",""published_at"":""2026-10-01T20:17:56Z"",""url"":""https://github.com/stellar/stellar-horizon/releases/tag/v29.0.0""}]},""rpc"":{""version"":""v28.0.1"",""state"":""newer_available"",""current"":""v29.0.0"",""newer"":[{""tag"":""v29.0.0"",""published_at"":""2026-10-01T20:15:08Z"",""url"":""https://github.com/stellar/stellar-rpc/releases/tag/v29.0.0""}]}}"
stellar-php-sdk,compatibility.rpc.total,latest_release,12,complete,2026-10-04T15:29:39Z,count,,2026-09-27T22:46:34Z,fresh,,,"{""tag"":""1.15.0"",""commit"":""641e57069271c85d8982db07215723d62ffb3eb0"",""published_at"":""2026-09-27T22:46:34Z"",""stellar_protocol_commit"":""974df5f0ae3e544e2479c50f844924e5e8f94d2e"",""horizon"":{""version"":""v28.0.1"",""state"":""newer_available"",""current"":""v29.0.0"",""newer"":[{""tag"":""v29.0.0"",""published_at"":""2026-10-01T20:17:56Z"",""url"":""https://github.com/stellar/stellar-horizon/releases/tag/v29.0.0""}]},""rpc"":{""version"":""v28.0.1"",""state"":""newer_available"",""current"":""v29.0.0"",""newer"":[{""tag"":""v29.0.0"",""published_at"":""2026-10-01T20:15:08Z"",""url"":""https://github.com/stellar/stellar-rpc/releases/tag/v29.0.0""}]}}"
stellar-php-sdk,compatibility.rpc.newer_stable_releases,snapshot,1,complete,2026-10-04T15:29:39Z,count,,2026-10-04T15:29:39Z,fresh,,,"{""tag"":""1.15.0"",""commit"":""641e57069271c85d8982db07215723d62ffb3eb0"",""published_at"":""2026-09-27T22:46:34Z"",""stellar_protocol_commit"":""974df5f0ae3e544e2479c50f844924e5e8f94d2e"",""horizon"":{""version"":""v28.0.1"",""state"":""newer_available"",""current"":""v29.0.0"",""newer"":[{""tag"":""v29.0.0"",""published_at"":""2026-10-01T20:17:56Z"",""url"":""https://github.com/stellar/stellar-horizon/releases/tag/v29.0.0""}]},""rpc"":{""version"":""v28.0.1"",""state"":""newer_available"",""current"":""v29.0.0"",""newer"":[{""tag"":""v29.0.0"",""published_at"":""2026-10-01T20:15:08Z"",""url"":""https://github.com/stellar/stellar-rpc/releases/tag/v29.0.0""}]}}"
stellar-php-sdk,compatibility.sep.matrices,latest_release,22,complete,2026-10-04T15:29:39Z,count,,2026-09-27T22:46:34Z,fresh,,,"{""tag"":""1.15.0"",""commit"":""641e57069271c85d8982db07215723d62ffb3eb0"",""published_at"":""2026-09-27T22:46:34Z"",""stellar_protocol_commit"":""974df5f0ae3e544e2479c50f844924e5e8f94d2e"",""horizon"":{""version"":""v28.0.1"",""state"":""newer_available"",""current"":""v29.0.0"",""newer"":[{""tag"":""v29.0.0"",""published_at"":""2026-10-01T20:17:56Z"",""url"":""https://github.com/stellar/stellar-horizon/releases/tag/v29.0.0""}]},""rpc"":{""version"":""v28.0.1"",""state"":""newer_available"",""current"":""v29.0.0"",""newer"":[{""tag"":""v29.0.0"",""published_at"":""2026-10-01T20:15:08Z"",""url"":""https://github.com/stellar/stellar-rpc/releases/tag/v29.0.0""}]}}"
stellar-php-sdk,compatibility.sep.at_full,latest_release,22,complete,2026-10-04T15:29:39Z,count,,2026-09-27T22:46:34Z,fresh,,,"{""tag"":""1.15.0"",""commit"":""641e57069271c85d8982db07215723d62ffb3eb0"",""published_at"":""2026-09-27T22:46:34Z"",""stellar_protocol_commit"":""974df5f0ae3e544e2479c50f844924e5e8f94d2e"",""horizon"":{""version"":""v28.0.1"",""state"":""newer_available"",""current"":""v29.0.0"",""newer"":[{""tag"":""v29.0.0"",""published_at"":""2026-10-01T20:17:56Z"",""url"":""https://github.com/stellar/stellar-horizon/releases/tag/v29.0.0""}]},""rpc"":{""version"":""v28.0.1"",""state"":""newer_available"",""current"":""v29.0.0"",""newer"":[{""tag"":""v29.0.0"",""published_at"":""2026-10-01T20:15:08Z"",""url"":""https://github.com/stellar/stellar-rpc/releases/tag/v29.0.0""}]}}"
stellar-php-sdk,compatibility.sep.current,snapshot,0,complete,2026-10-04T15:29:39Z,count,,2026-10-04T15:29:39Z,fresh,,,"{""tag"":""1.15.0"",""commit"":""641e57069271c85d8982db07215723d62ffb3eb0"",""published_at"":""2026-09-27T22:46:34Z"",""stellar_protocol_commit"":""974df5f0ae3e544e2479c50f844924e5e8f94d2e"",""horizon"":{""version"":""v28.0.1"",""state"":""newer_available"",""current"":""v29.0.0"",""newer"":[{""tag"":""v29.0.0"",""published_at"":""2026-10-01T20:17:56Z"",""url"":""https://github.com/stellar/stellar-horizon/releases/tag/v29.0.0""}]},""rpc"":{""version"":""v28.0.1"",""state"":""newer_available"",""current"":""v29.0.0"",""newer"":[{""tag"":""v29.0.0"",""published_at"":""2026-10-01T20:15:08Z"",""url"":""https://github.com/stellar/stellar-rpc/releases/tag/v29.0.0""}]}}"
stellar-php-sdk,compatibility.sep.version_differs,snapshot,0,complete,2026-10-04T15:29:39Z,count,,2026-10-04T15:29:39Z,fresh,,,"{""tag"":""1.15.0"",""commit"":""641e57069271c85d8982db07215723d62ffb3eb0"",""published_at"":""2026-09-27T22:46:34Z"",""stellar_protocol_commit"":""974df5f0ae3e544e2479c50f844924e5e8f94d2e"",""horizon"":{""version"":""v28.0.1"",""state"":""newer_available"",""current"":""v29.0.0"",""newer"":[{""tag"":""v29.0.0"",""published_at"":""2026-10-01T20:17:56Z"",""url"":""https://github.com/stellar/stellar-horizon/releases/tag/v29.0.0""}]},""rpc"":{""version"":""v28.0.1"",""state"":""newer_available"",""current"":""v29.0.0"",""newer"":[{""tag"":""v29.0.0"",""published_at"":""2026-10-01T20:15:08Z"",""url"":""https://github.com/stellar/stellar-rpc/releases/tag/v29.0.0""}]}}"
stellar-php-sdk,compatibility.sep.updated_date_not_later,snapshot,20,complete,2026-10-04T15:29:39Z,count,,2026-10-04T15:29:39Z,fresh,,,"{""tag"":""1.15.0"",""commit"":""641e57069271c85d8982db07215723d62ffb3eb0"",""published_at"":""2026-09-27T22:46:34Z"",""stellar_protocol_commit"":""974df5f0ae3e544e2479c50f844924e5e8f94d2e"",""horizon"":{""version"":""v28.0.1"",""state"":""newer_available"",""current"":""v29.0.0"",""newer"":[{""tag"":""v29.0.0"",""published_at"":""2026-10-01T20:17:56Z"",""url"":""https://github.com/stellar/stellar-horizon/releases/tag/v29.0.0""}]},""rpc"":{""version"":""v28.0.1"",""state"":""newer_available"",""current"":""v29.0.0"",""newer"":[{""tag"":""v29.0.0"",""published_at"":""2026-10-01T20:15:08Z"",""url"":""https://github.com/stellar/stellar-rpc/releases/tag/v29.0.0""}]}}"
stellar-php-sdk,compatibility.sep.updated_date_later,snapshot,0,complete,2026-10-04T15:29:39Z,count,,2026-10-04T15:29:39Z,fresh,,,"{""tag"":""1.15.0"",""commit"":""641e57069271c85d8982db07215723d62ffb3eb0"",""published_at"":""2026-09-27T22:46:34Z"",""stellar_protocol_commit"":""974df5f0ae3e544e2479c50f844924e5e8f94d2e"",""horizon"":{""version"":""v28.0.1"",""state"":""newer_available"",""current"":""v29.0.0"",""newer"":[{""tag"":""v29.0.0"",""published_at"":""2026-10-01T20:17:56Z"",""url"":""https://github.com/stellar/stellar-horizon/releases/tag/v29.0.0""}]},""rpc"":{""version"":""v28.0.1"",""state"":""newer_available"",""current"":""v29.0.0"",""newer"":[{""tag"":""v29.0.0"",""published_at"":""2026-10-01T20:15:08Z"",""url"":""https://github.com/stellar/stellar-rpc/releases/tag/v29.0.0""}]}}"
stellar-php-sdk,compatibility.sep.no_version_field,snapshot,2,complete,2026-10-04T15:29:39Z,count,,2026-10-04T15:29:39Z,fresh,,,"{""tag"":""1.15.0"",""commit"":""641e57069271c85d8982db07215723d62ffb3eb0"",""published_at"":""2026-09-27T22:46:34Z"",""stellar_protocol_commit"":""974df5f0ae3e544e2479c50f844924e5e8f94d2e"",""horizon"":{""version"":""v28.0.1"",""state"":""newer_available"",""current"":""v29.0.0"",""newer"":[{""tag"":""v29.0.0"",""published_at"":""2026-10-01T20:17:56Z"",""url"":""https://github.com/stellar/stellar-horizon/releases/tag/v29.0.0""}]},""rpc"":{""version"":""v28.0.1"",""state"":""newer_available"",""current"":""v29.0.0"",""newer"":[{""tag"":""v29.0.0"",""published_at"":""2026-10-01T20:15:08Z"",""url"":""https://github.com/stellar/stellar-rpc/releases/tag/v29.0.0""}]}}"
stellar-php-sdk,compatibility.sep.unknown,snapshot,0,complete,2026-10-04T15:29:39Z,count,,2026-10-04T15:29:39Z,fresh,,,"{""tag"":""1.15.0"",""commit"":""641e57069271c85d8982db07215723d62ffb3eb0"",""published_at"":""2026-09-27T22:46:34Z"",""stellar_protocol_commit"":""974df5f0ae3e544e2479c50f844924e5e8f94d2e"",""horizon"":{""version"":""v28.0.1"",""state"":""newer_available"",""current"":""v29.0.0"",""newer"":[{""tag"":""v29.0.0"",""published_at"":""2026-10-01T20:17:56Z"",""url"":""https://github.com/stellar/stellar-horizon/releases/tag/v29.0.0""}]},""rpc"":{""version"":""v28.0.1"",""state"":""newer_available"",""current"":""v29.0.0"",""newer"":[{""tag"":""v29.0.0"",""published_at"":""2026-10-01T20:15:08Z"",""url"":""https://github.com/stellar/stellar-rpc/releases/tag/v29.0.0""}]}}"
stellar-php-sdk,production_user.5.stars,curated_snapshot,null,incomplete,,count,,,not_applicable,No verified public repository star snapshot.,,
stellar-php-sdk,production_user.6.stars,curated_snapshot,null,incomplete,,count,,,not_applicable,No verified public repository star snapshot.,,
stellar-php-sdk,feedback.verified_comments,Q3 2026 proposal thread,7,complete,,count,,,not_applicable,No shared collection timestamp; individual verified_dates are supplied.,,
stellar-php-sdk,reach.stars,snapshot,42,complete,2026-10-05T19:18:52Z,count,,,fresh,,,
stellar-php-sdk,reach.forks,snapshot,21,complete,2026-10-05T19:18:52Z,count,,,fresh,,,
stellar-php-sdk,release.all_time_count,lifetime,89,complete,2026-10-05T19:23:40Z,count,,,fresh,,,
stellar-php-sdk,release.latest_stable,latest,"{""tag"":""1.15.0"",""date"":""2026-09-27""}",complete,2026-10-05T19:23:40Z,release,,,fresh,,,
stellar-php-sdk,release.first,first_release,"""0.0.1 (2021-12-30)""",complete,,release,,,unknown,Static repository history; observation time is not collected.,,
stellar-php-sdk,reach.dependents,snapshot,34,complete,2026-10-05,count,,,fresh,,,
stellar-php-sdk,activity.days_since_last_push,since_last_push,null,incomplete,,days,,,unknown,Pure push timestamps are not collected; commit dates are not push dates.,,
stellar-php-sdk,activity.non_merge_commits,not_configured,null,incomplete,,count,,,unknown,Bot-filtered non-merge git-log counts are not collected; the heatmap uses GitHub daily counts.,,
stellar-php-sdk,issues.answered_within_7d,90d,null,incomplete,,count,,,unknown,"The dashboard publishes 48-hour A/N counts, not a seven-day response signal.",,
stellar-php-sdk,prs.answered_within_7d,90d,null,incomplete,,count,,,unknown,"The dashboard publishes 48-hour A/N counts, not a seven-day response signal.",,
stellar-php-sdk,maintainer_issues.created_90d,90d,null,incomplete,,count,,,unknown,Separate maintainer issue counts are not published.,,
stellar-php-sdk,maintainer_prs.created_90d,90d,null,incomplete,,count,,,unknown,Only the separate 365-day maintainer PR cohort is published.,,
stellar-php-sdk,host.contributor_activity,not_configured,null,incomplete,,count,,,unknown,Contributor-scoped host-repository activity is not collected.,,
kmp-stellar-sdk,release.median_gap_days_365d,365d,10.6,complete,2026-10-05T19:23:40Z,days,28,2026-10-05,fresh,,,
kmp-stellar-sdk,release.days_since_last,since_last_release,7.4,complete,2026-10-05T19:23:40Z,days,,2026-10-05,fresh,,,
kmp-stellar-sdk,release.count_90d,90d,6,complete,2026-10-05T19:23:40Z,count,,2026-10-05,fresh,,,
kmp-stellar-sdk,release.count_365d,365d,29,complete,2026-10-05T19:23:40Z,count,,2026-10-05,fresh,,,
kmp-stellar-sdk,issues.open_count,open_snapshot,1,complete,2026-10-05T19:19:44Z,count,,,fresh,,,
kmp-stellar-sdk,issues.open_median_age_days,open_snapshot,0.3,complete,2026-10-05T19:19:44Z,days,1,,fresh,,,
kmp-stellar-sdk,issues.created_365d,365d,2,complete,2026-10-05T19:19:44Z,count,,2026-10-05T19:19:44Z,fresh,,,
kmp-stellar-sdk,issues.closed_365d,365d,2,complete,2026-10-05T19:19:44Z,count,,2026-10-05T19:19:44Z,fresh,,,
kmp-stellar-sdk,issues.median_close_hours,365d,23.0,complete,2026-10-05T19:19:44Z,hours,2,2026-10-05T19:19:44Z,fresh,,,
kmp-stellar-sdk,prs.open_count,open_snapshot,0,complete,2026-10-05T19:19:44Z,count,,,fresh,,,
kmp-stellar-sdk,prs.open_median_age_days,open_snapshot,null,not_applicable,2026-10-05T19:19:44Z,days,0,,fresh,No open items.,,
kmp-stellar-sdk,prs.created_365d,365d,4,complete,2026-10-05T19:19:44Z,count,,2026-10-05T19:19:44Z,fresh,,,
kmp-stellar-sdk,prs.closed_365d,365d,4,complete,2026-10-05T19:19:44Z,count,,2026-10-05T19:19:44Z,fresh,,,
kmp-stellar-sdk,prs.median_close_hours,365d,10.5,complete,2026-10-05T19:19:44Z,hours,4,2026-10-05T19:19:44Z,fresh,,,
kmp-stellar-sdk,maintainer_prs.created_365d,365d,48,complete,2026-10-05T19:19:44Z,count,,2026-10-05T19:19:44Z,fresh,,,
kmp-stellar-sdk,maintainer_prs.closed_365d,365d,48,complete,2026-10-05T19:19:44Z,count,,2026-10-05T19:19:44Z,fresh,,,
kmp-stellar-sdk,issues.response_eligible_90d,90d,0,complete,2026-10-05T19:19:44Z,count,0,2026-10-05T19:19:44Z,fresh,,,
kmp-stellar-sdk,issues.answered_within_48h_90d,90d,0,complete,2026-10-05T19:19:44Z,count,0,2026-10-05T19:19:44Z,fresh,,,
kmp-stellar-sdk,issues.median_first_response_hours,90d,null,not_applicable,2026-10-05T19:19:44Z,hours,0,2026-10-05T19:19:44Z,fresh,No answered eligible items.,,
kmp-stellar-sdk,issues.unanswered_90d,90d,0,complete,2026-10-05T19:19:44Z,count,,2026-10-05T19:19:44Z,fresh,,,
kmp-stellar-sdk,issues.pending_90d,90d,0,complete,2026-10-05T19:19:44Z,count,,2026-10-05T19:19:44Z,fresh,,,
kmp-stellar-sdk,issues.unknown_attribution_90d,90d,0,complete,2026-10-05T19:19:44Z,count,,2026-10-05T19:19:44Z,fresh,,,
kmp-stellar-sdk,issues.unknown_clock_90d,90d,0,complete,2026-10-05T19:19:44Z,count,,2026-10-05T19:19:44Z,fresh,,,
kmp-stellar-sdk,prs.response_eligible_90d,90d,0,complete,2026-10-05T19:19:44Z,count,0,2026-10-05T19:19:44Z,fresh,,,
kmp-stellar-sdk,prs.answered_within_48h_90d,90d,0,complete,2026-10-05T19:19:44Z,count,0,2026-10-05T19:19:44Z,fresh,,,
kmp-stellar-sdk,prs.median_first_response_hours,90d,null,not_applicable,2026-10-05T19:19:44Z,hours,0,2026-10-05T19:19:44Z,fresh,No answered eligible items.,,
kmp-stellar-sdk,prs.unanswered_90d,90d,0,complete,2026-10-05T19:19:44Z,count,,2026-10-05T19:19:44Z,fresh,,,
kmp-stellar-sdk,prs.pending_90d,90d,0,complete,2026-10-05T19:19:44Z,count,,2026-10-05T19:19:44Z,fresh,,,
kmp-stellar-sdk,prs.unknown_attribution_90d,90d,0,complete,2026-10-05T19:19:44Z,count,,2026-10-05T19:19:44Z,fresh,,,
kmp-stellar-sdk,prs.unknown_clock_90d,90d,0,complete,2026-10-05T19:19:44Z,count,,2026-10-05T19:19:44Z,fresh,,,
kmp-stellar-sdk,prs.merged_90d,90d,0,complete,2026-10-05T19:19:44Z,count,,2026-10-05T19:19:44Z,fresh,,,
kmp-stellar-sdk,prs.closed_without_merge_90d,90d,0,complete,2026-10-05T19:19:44Z,count,,2026-10-05T19:19:44Z,fresh,,,
kmp-stellar-sdk,prs.still_open_90d,90d,0,complete,2026-10-05T19:19:44Z,count,,2026-10-05T19:19:44Z,fresh,,,
kmp-stellar-sdk,scarf.downloads_90d,90d,29811,complete,2026-10-05,count,,,fresh,,,
kmp-stellar-sdk,scarf.unique_sources_90d,90d,2426,complete,2026-10-05,count,,,fresh,,,
kmp-stellar-sdk,protocol.0.lag_days,mainnet_activation,-19,complete,2026-09-22,days,,,not_applicable,,"{""name"":""Protocol 27"",""mainnet_activation_date"":""2026-07-08"",""sdk_change_required"":true,""release_tag"":""v1.8.0"",""release_date"":""2026-06-19""}",
kmp-stellar-sdk,protocol.1.lag_days,mainnet_activation,-21,complete,2026-09-22,days,,,not_applicable,,"{""name"":""Protocol 28"",""mainnet_activation_date"":""2026-09-16"",""sdk_change_required"":true,""release_tag"":""v1.12.0"",""release_date"":""2026-08-26""}",
kmp-stellar-sdk,protocol.2.lag_days,mainnet_activation,null,not_applicable,2026-10-02,days,,,not_applicable,Security release without XDR or API changes; no SDK release required,"{""name"":""Protocol 29"",""mainnet_activation_date"":""2026-10-01"",""sdk_change_required"":false,""release_tag"":null,""release_date"":null}",
kmp-stellar-sdk,compatibility.horizon.full,latest_release,50,complete,2026-10-04T15:29:39Z,count,,2026-09-28T10:29:08Z,fresh,,,"{""tag"":""v1.14.0"",""commit"":""ef89d7d2f8953f951e1a64921c4b23cb8ebff03f"",""published_at"":""2026-09-28T10:29:08Z"",""stellar_protocol_commit"":""974df5f0ae3e544e2479c50f844924e5e8f94d2e"",""horizon"":{""version"":""v28.0.1"",""state"":""newer_available"",""current"":""v29.0.0"",""newer"":[{""tag"":""v29.0.0"",""published_at"":""2026-10-01T20:17:56Z"",""url"":""https://github.com/stellar/stellar-horizon/releases/tag/v29.0.0""}]},""rpc"":{""version"":""v28.0.1"",""state"":""newer_available"",""current"":""v29.0.0"",""newer"":[{""tag"":""v29.0.0"",""published_at"":""2026-10-01T20:15:08Z"",""url"":""https://github.com/stellar/stellar-rpc/releases/tag/v29.0.0""}]}}"
kmp-stellar-sdk,compatibility.horizon.total,latest_release,50,complete,2026-10-04T15:29:39Z,count,,2026-09-28T10:29:08Z,fresh,,,"{""tag"":""v1.14.0"",""commit"":""ef89d7d2f8953f951e1a64921c4b23cb8ebff03f"",""published_at"":""2026-09-28T10:29:08Z"",""stellar_protocol_commit"":""974df5f0ae3e544e2479c50f844924e5e8f94d2e"",""horizon"":{""version"":""v28.0.1"",""state"":""newer_available"",""current"":""v29.0.0"",""newer"":[{""tag"":""v29.0.0"",""published_at"":""2026-10-01T20:17:56Z"",""url"":""https://github.com/stellar/stellar-horizon/releases/tag/v29.0.0""}]},""rpc"":{""version"":""v28.0.1"",""state"":""newer_available"",""current"":""v29.0.0"",""newer"":[{""tag"":""v29.0.0"",""published_at"":""2026-10-01T20:15:08Z"",""url"":""https://github.com/stellar/stellar-rpc/releases/tag/v29.0.0""}]}}"
kmp-stellar-sdk,compatibility.horizon.newer_stable_releases,snapshot,1,complete,2026-10-04T15:29:39Z,count,,2026-10-04T15:29:39Z,fresh,,,"{""tag"":""v1.14.0"",""commit"":""ef89d7d2f8953f951e1a64921c4b23cb8ebff03f"",""published_at"":""2026-09-28T10:29:08Z"",""stellar_protocol_commit"":""974df5f0ae3e544e2479c50f844924e5e8f94d2e"",""horizon"":{""version"":""v28.0.1"",""state"":""newer_available"",""current"":""v29.0.0"",""newer"":[{""tag"":""v29.0.0"",""published_at"":""2026-10-01T20:17:56Z"",""url"":""https://github.com/stellar/stellar-horizon/releases/tag/v29.0.0""}]},""rpc"":{""version"":""v28.0.1"",""state"":""newer_available"",""current"":""v29.0.0"",""newer"":[{""tag"":""v29.0.0"",""published_at"":""2026-10-01T20:15:08Z"",""url"":""https://github.com/stellar/stellar-rpc/releases/tag/v29.0.0""}]}}"
kmp-stellar-sdk,compatibility.rpc.full,latest_release,12,complete,2026-10-04T15:29:39Z,count,,2026-09-28T10:29:08Z,fresh,,,"{""tag"":""v1.14.0"",""commit"":""ef89d7d2f8953f951e1a64921c4b23cb8ebff03f"",""published_at"":""2026-09-28T10:29:08Z"",""stellar_protocol_commit"":""974df5f0ae3e544e2479c50f844924e5e8f94d2e"",""horizon"":{""version"":""v28.0.1"",""state"":""newer_available"",""current"":""v29.0.0"",""newer"":[{""tag"":""v29.0.0"",""published_at"":""2026-10-01T20:17:56Z"",""url"":""https://github.com/stellar/stellar-horizon/releases/tag/v29.0.0""}]},""rpc"":{""version"":""v28.0.1"",""state"":""newer_available"",""current"":""v29.0.0"",""newer"":[{""tag"":""v29.0.0"",""published_at"":""2026-10-01T20:15:08Z"",""url"":""https://github.com/stellar/stellar-rpc/releases/tag/v29.0.0""}]}}"
kmp-stellar-sdk,compatibility.rpc.total,latest_release,12,complete,2026-10-04T15:29:39Z,count,,2026-09-28T10:29:08Z,fresh,,,"{""tag"":""v1.14.0"",""commit"":""ef89d7d2f8953f951e1a64921c4b23cb8ebff03f"",""published_at"":""2026-09-28T10:29:08Z"",""stellar_protocol_commit"":""974df5f0ae3e544e2479c50f844924e5e8f94d2e"",""horizon"":{""version"":""v28.0.1"",""state"":""newer_available"",""current"":""v29.0.0"",""newer"":[{""tag"":""v29.0.0"",""published_at"":""2026-10-01T20:17:56Z"",""url"":""https://github.com/stellar/stellar-horizon/releases/tag/v29.0.0""}]},""rpc"":{""version"":""v28.0.1"",""state"":""newer_available"",""current"":""v29.0.0"",""newer"":[{""tag"":""v29.0.0"",""published_at"":""2026-10-01T20:15:08Z"",""url"":""https://github.com/stellar/stellar-rpc/releases/tag/v29.0.0""}]}}"
kmp-stellar-sdk,compatibility.rpc.newer_stable_releases,snapshot,1,complete,2026-10-04T15:29:39Z,count,,2026-10-04T15:29:39Z,fresh,,,"{""tag"":""v1.14.0"",""commit"":""ef89d7d2f8953f951e1a64921c4b23cb8ebff03f"",""published_at"":""2026-09-28T10:29:08Z"",""stellar_protocol_commit"":""974df5f0ae3e544e2479c50f844924e5e8f94d2e"",""horizon"":{""version"":""v28.0.1"",""state"":""newer_available"",""current"":""v29.0.0"",""newer"":[{""tag"":""v29.0.0"",""published_at"":""2026-10-01T20:17:56Z"",""url"":""https://github.com/stellar/stellar-horizon/releases/tag/v29.0.0""}]},""rpc"":{""version"":""v28.0.1"",""state"":""newer_available"",""current"":""v29.0.0"",""newer"":[{""tag"":""v29.0.0"",""published_at"":""2026-10-01T20:15:08Z"",""url"":""https://github.com/stellar/stellar-rpc/releases/tag/v29.0.0""}]}}"
kmp-stellar-sdk,compatibility.sep.matrices,latest_release,18,complete,2026-10-04T15:29:39Z,count,,2026-09-28T10:29:08Z,fresh,,,"{""tag"":""v1.14.0"",""commit"":""ef89d7d2f8953f951e1a64921c4b23cb8ebff03f"",""published_at"":""2026-09-28T10:29:08Z"",""stellar_protocol_commit"":""974df5f0ae3e544e2479c50f844924e5e8f94d2e"",""horizon"":{""version"":""v28.0.1"",""state"":""newer_available"",""current"":""v29.0.0"",""newer"":[{""tag"":""v29.0.0"",""published_at"":""2026-10-01T20:17:56Z"",""url"":""https://github.com/stellar/stellar-horizon/releases/tag/v29.0.0""}]},""rpc"":{""version"":""v28.0.1"",""state"":""newer_available"",""current"":""v29.0.0"",""newer"":[{""tag"":""v29.0.0"",""published_at"":""2026-10-01T20:15:08Z"",""url"":""https://github.com/stellar/stellar-rpc/releases/tag/v29.0.0""}]}}"
kmp-stellar-sdk,compatibility.sep.at_full,latest_release,18,complete,2026-10-04T15:29:39Z,count,,2026-09-28T10:29:08Z,fresh,,,"{""tag"":""v1.14.0"",""commit"":""ef89d7d2f8953f951e1a64921c4b23cb8ebff03f"",""published_at"":""2026-09-28T10:29:08Z"",""stellar_protocol_commit"":""974df5f0ae3e544e2479c50f844924e5e8f94d2e"",""horizon"":{""version"":""v28.0.1"",""state"":""newer_available"",""current"":""v29.0.0"",""newer"":[{""tag"":""v29.0.0"",""published_at"":""2026-10-01T20:17:56Z"",""url"":""https://github.com/stellar/stellar-horizon/releases/tag/v29.0.0""}]},""rpc"":{""version"":""v28.0.1"",""state"":""newer_available"",""current"":""v29.0.0"",""newer"":[{""tag"":""v29.0.0"",""published_at"":""2026-10-01T20:15:08Z"",""url"":""https://github.com/stellar/stellar-rpc/releases/tag/v29.0.0""}]}}"
kmp-stellar-sdk,compatibility.sep.current,snapshot,17,complete,2026-10-04T15:29:39Z,count,,2026-10-04T15:29:39Z,fresh,,,"{""tag"":""v1.14.0"",""commit"":""ef89d7d2f8953f951e1a64921c4b23cb8ebff03f"",""published_at"":""2026-09-28T10:29:08Z"",""stellar_protocol_commit"":""974df5f0ae3e544e2479c50f844924e5e8f94d2e"",""horizon"":{""version"":""v28.0.1"",""state"":""newer_available"",""current"":""v29.0.0"",""newer"":[{""tag"":""v29.0.0"",""published_at"":""2026-10-01T20:17:56Z"",""url"":""https://github.com/stellar/stellar-horizon/releases/tag/v29.0.0""}]},""rpc"":{""version"":""v28.0.1"",""state"":""newer_available"",""current"":""v29.0.0"",""newer"":[{""tag"":""v29.0.0"",""published_at"":""2026-10-01T20:15:08Z"",""url"":""https://github.com/stellar/stellar-rpc/releases/tag/v29.0.0""}]}}"
kmp-stellar-sdk,compatibility.sep.version_differs,snapshot,0,complete,2026-10-04T15:29:39Z,count,,2026-10-04T15:29:39Z,fresh,,,"{""tag"":""v1.14.0"",""commit"":""ef89d7d2f8953f951e1a64921c4b23cb8ebff03f"",""published_at"":""2026-09-28T10:29:08Z"",""stellar_protocol_commit"":""974df5f0ae3e544e2479c50f844924e5e8f94d2e"",""horizon"":{""version"":""v28.0.1"",""state"":""newer_available"",""current"":""v29.0.0"",""newer"":[{""tag"":""v29.0.0"",""published_at"":""2026-10-01T20:17:56Z"",""url"":""https://github.com/stellar/stellar-horizon/releases/tag/v29.0.0""}]},""rpc"":{""version"":""v28.0.1"",""state"":""newer_available"",""current"":""v29.0.0"",""newer"":[{""tag"":""v29.0.0"",""published_at"":""2026-10-01T20:15:08Z"",""url"":""https://github.com/stellar/stellar-rpc/releases/tag/v29.0.0""}]}}"
kmp-stellar-sdk,compatibility.sep.updated_date_not_later,snapshot,0,complete,2026-10-04T15:29:39Z,count,,2026-10-04T15:29:39Z,fresh,,,"{""tag"":""v1.14.0"",""commit"":""ef89d7d2f8953f951e1a64921c4b23cb8ebff03f"",""published_at"":""2026-09-28T10:29:08Z"",""stellar_protocol_commit"":""974df5f0ae3e544e2479c50f844924e5e8f94d2e"",""horizon"":{""version"":""v28.0.1"",""state"":""newer_available"",""current"":""v29.0.0"",""newer"":[{""tag"":""v29.0.0"",""published_at"":""2026-10-01T20:17:56Z"",""url"":""https://github.com/stellar/stellar-horizon/releases/tag/v29.0.0""}]},""rpc"":{""version"":""v28.0.1"",""state"":""newer_available"",""current"":""v29.0.0"",""newer"":[{""tag"":""v29.0.0"",""published_at"":""2026-10-01T20:15:08Z"",""url"":""https://github.com/stellar/stellar-rpc/releases/tag/v29.0.0""}]}}"
kmp-stellar-sdk,compatibility.sep.updated_date_later,snapshot,0,complete,2026-10-04T15:29:39Z,count,,2026-10-04T15:29:39Z,fresh,,,"{""tag"":""v1.14.0"",""commit"":""ef89d7d2f8953f951e1a64921c4b23cb8ebff03f"",""published_at"":""2026-09-28T10:29:08Z"",""stellar_protocol_commit"":""974df5f0ae3e544e2479c50f844924e5e8f94d2e"",""horizon"":{""version"":""v28.0.1"",""state"":""newer_available"",""current"":""v29.0.0"",""newer"":[{""tag"":""v29.0.0"",""published_at"":""2026-10-01T20:17:56Z"",""url"":""https://github.com/stellar/stellar-horizon/releases/tag/v29.0.0""}]},""rpc"":{""version"":""v28.0.1"",""state"":""newer_available"",""current"":""v29.0.0"",""newer"":[{""tag"":""v29.0.0"",""published_at"":""2026-10-01T20:15:08Z"",""url"":""https://github.com/stellar/stellar-rpc/releases/tag/v29.0.0""}]}}"
kmp-stellar-sdk,compatibility.sep.no_version_field,snapshot,1,complete,2026-10-04T15:29:39Z,count,,2026-10-04T15:29:39Z,fresh,,,"{""tag"":""v1.14.0"",""commit"":""ef89d7d2f8953f951e1a64921c4b23cb8ebff03f"",""published_at"":""2026-09-28T10:29:08Z"",""stellar_protocol_commit"":""974df5f0ae3e544e2479c50f844924e5e8f94d2e"",""horizon"":{""version"":""v28.0.1"",""state"":""newer_available"",""current"":""v29.0.0"",""newer"":[{""tag"":""v29.0.0"",""published_at"":""2026-10-01T20:17:56Z"",""url"":""https://github.com/stellar/stellar-horizon/releases/tag/v29.0.0""}]},""rpc"":{""version"":""v28.0.1"",""state"":""newer_available"",""current"":""v29.0.0"",""newer"":[{""tag"":""v29.0.0"",""published_at"":""2026-10-01T20:15:08Z"",""url"":""https://github.com/stellar/stellar-rpc/releases/tag/v29.0.0""}]}}"
kmp-stellar-sdk,compatibility.sep.unknown,snapshot,0,complete,2026-10-04T15:29:39Z,count,,2026-10-04T15:29:39Z,fresh,,,"{""tag"":""v1.14.0"",""commit"":""ef89d7d2f8953f951e1a64921c4b23cb8ebff03f"",""published_at"":""2026-09-28T10:29:08Z"",""stellar_protocol_commit"":""974df5f0ae3e544e2479c50f844924e5e8f94d2e"",""horizon"":{""version"":""v28.0.1"",""state"":""newer_available"",""current"":""v29.0.0"",""newer"":[{""tag"":""v29.0.0"",""published_at"":""2026-10-01T20:17:56Z"",""url"":""https://github.com/stellar/stellar-horizon/releases/tag/v29.0.0""}]},""rpc"":{""version"":""v28.0.1"",""state"":""newer_available"",""current"":""v29.0.0"",""newer"":[{""tag"":""v29.0.0"",""published_at"":""2026-10-01T20:15:08Z"",""url"":""https://github.com/stellar/stellar-rpc/releases/tag/v29.0.0""}]}}"
kmp-stellar-sdk,feedback.verified_comments,Q3 2026 proposal thread,3,complete,,count,,,not_applicable,No shared collection timestamp; individual verified_dates are supplied.,,
kmp-stellar-sdk,reach.stars,snapshot,15,complete,2026-10-05T19:18:52Z,count,,,fresh,,,
kmp-stellar-sdk,reach.forks,snapshot,5,complete,2026-10-05T19:18:52Z,count,,,fresh,,,
kmp-stellar-sdk,release.all_time_count,lifetime,29,complete,2026-10-05T19:23:40Z,count,,,fresh,,,
kmp-stellar-sdk,release.latest_stable,latest,"{""tag"":""v1.14.0"",""date"":""2026-09-28""}",complete,2026-10-05T19:23:40Z,release,,,fresh,,,
kmp-stellar-sdk,release.first,first_release,"""v0.2.0 (2025-10-25)""",complete,,release,,,unknown,Static repository history; observation time is not collected.,,
kmp-stellar-sdk,reach.dependents,snapshot,null,not_applicable,2026-10-05,count,,,fresh,Not tracked for Gradle/Maven.,,
kmp-stellar-sdk,activity.days_since_last_push,since_last_push,null,incomplete,,days,,,unknown,Pure push timestamps are not collected; commit dates are not push dates.,,
kmp-stellar-sdk,activity.non_merge_commits,not_configured,null,incomplete,,count,,,unknown,Bot-filtered non-merge git-log counts are not collected; the heatmap uses GitHub daily counts.,,
kmp-stellar-sdk,issues.answered_within_7d,90d,null,incomplete,,count,,,unknown,"The dashboard publishes 48-hour A/N counts, not a seven-day response signal.",,
kmp-stellar-sdk,prs.answered_within_7d,90d,null,incomplete,,count,,,unknown,"The dashboard publishes 48-hour A/N counts, not a seven-day response signal.",,
kmp-stellar-sdk,maintainer_issues.created_90d,90d,null,incomplete,,count,,,unknown,Separate maintainer issue counts are not published.,,
kmp-stellar-sdk,maintainer_prs.created_90d,90d,null,incomplete,,count,,,unknown,Only the separate 365-day maintainer PR cohort is published.,,
kmp-stellar-sdk,host.contributor_activity,not_configured,null,incomplete,,count,,,unknown,Contributor-scoped host-repository activity is not collected.,,
